After Kali washed her hair, water dripped onto her shoulders. Her shouldersfelt colder than the rest of her body. Explain why.,yes
Kali's shoulders lost heat to the water which then evaporated.,yes
She felt cold because water on her shoulders evaporated removing heat from her body.,yes
Kali's shoulders lost heat to the water on her shoulders that evaporated.,yes
Water is a poor conductor of hat so the water on Kali's shoulders made her feel cold.,no
Kali's shoulders felt cold as the tempreture was low,no
