Ahmad placed the set up in his garden. He noticed that small birds have been feeding on the seeds at P. However, no photographs of the small birds were taken by the camera although it was working properly. Describe one change that Ahmad can make to the set-up so the camera will take photographs of the small birds as well.,yes
https://drive.google.com/uc?id=1_15qHXPTv2cVIxYoaya92jXpPG47Zwnh,yes
He can use a shorter spring.,yes
Ahmad can use a shorter spring.,yes
He can use a softer spring.,yes
Ahmad can use a softer spring.,yes
