The tadpole has a different breathing method compared to the adult frog. Explain why this is so.,yes
The tadpole lives underwater but a frog lives on both land and water.,yes
The tadpole lives in water but the frog besides living underwater lives on land.,yes
the tadpole lives underwater but the frog lives on both water and on land.,yes
The tadpole lives,no
The frog lives,no
The tadpole lives on both land and in water but the frog only lives in water,no
I dont know,no
the tadpole is idiotic but the frog is moronic,no
